﻿<?xml version="1.0" encoding="utf-8"?>
<doc>
  <assembly>
    <name>System.Web.WebPages.Deployment</name>
  </assembly>
  <members>
    <member name="T:System.Web.WebPages.Deployment.PreApplicationStartCode">
      <summary>Fornece um ponto de registro para o código inicial pré-aplicativo para implantação das Páginas da Web.</summary>
    </member>
    <member name="M:System.Web.WebPages.Deployment.PreApplicationStartCode.Start">
      <summary>Registra o código inicial pré-aplicativo para implantação das Páginas da Web.</summary>
    </member>
    <member name="T:System.Web.WebPages.Deployment.WebPagesDeployment">
      <summary>Este tipo/membro é compatível com a infraestrutura .NET Framework e não se destina a ser usado diretamente de seu código.</summary>
    </member>
    <member name="M:System.Web.WebPages.Deployment.WebPagesDeployment.GetAssemblyPath(System.Version)">
      <summary>Este tipo/membro é compatível com a infraestrutura .NET Framework e não se destina a ser usado diretamente de seu código.</summary>
    </member>
    <member name="M:System.Web.WebPages.Deployment.WebPagesDeployment.GetExplicitWebPagesVersion(System.String)"></member>
    <member name="M:System.Web.WebPages.Deployment.WebPagesDeployment.GetIncompatibleDependencies(System.String)">
      <summary>Este tipo/membro é compatível com a infraestrutura .NET Framework e não se destina a ser usado diretamente de seu código.</summary>
    </member>
    <member name="M:System.Web.WebPages.Deployment.WebPagesDeployment.GetMaxVersion">
      <summary>Este tipo/membro é compatível com a infraestrutura .NET Framework e não se destina a ser usado diretamente de seu código.</summary>
    </member>
    <member name="M:System.Web.WebPages.Deployment.WebPagesDeployment.GetVersion(System.String)">
      <param name="path">O caminho do diretório raiz para o aplicativo.</param>
    </member>
    <member name="M:System.Web.WebPages.Deployment.WebPagesDeployment.GetVersionWithoutEnabledCheck(System.String)">
      <summary>Este tipo/membro é compatível com a infraestrutura .NET Framework e não se destina a ser usado diretamente de seu código.</summary>
    </member>
    <member name="M:System.Web.WebPages.Deployment.WebPagesDeployment.GetWebPagesAssemblies">
      <summary>Este tipo/membro é compatível com a infraestrutura .NET Framework e não se destina a ser usado diretamente de seu código.</summary>
    </member>
    <member name="M:System.Web.WebPages.Deployment.WebPagesDeployment.IsEnabled(System.String)">
      <summary>Este tipo/membro é compatível com a infraestrutura .NET Framework e não se destina a ser usado diretamente de seu código.</summary>
    </member>
    <member name="M:System.Web.WebPages.Deployment.WebPagesDeployment.IsExplicitlyDisabled(System.String)">
      <summary>Este tipo/membro é compatível com a infraestrutura .NET Framework e não se destina a ser usado diretamente de seu código.</summary>
    </member>
  </members>
</doc>