﻿<?xml version="1.0" encoding="utf-8"?>
<doc>
  <assembly>
    <name>System.Web.WebPages.Razor</name>
  </assembly>
  <members>
    <member name="T:System.Web.WebPages.Razor.CompilingPathEventArgs">
      <summary>Este tipo/membro é compatível com a infraestrutura .NET Framework e não se destina a ser usado diretamente de seu código.</summary>
    </member>
    <member name="M:System.Web.WebPages.Razor.CompilingPathEventArgs.#ctor(System.String,System.Web.WebPages.Razor.WebPageRazorHost)">
      <summary>Este tipo/membro é compatível com a infraestrutura .NET Framework e não se destina a ser usado diretamente de seu código.</summary>
    </member>
    <member name="P:System.Web.WebPages.Razor.CompilingPathEventArgs.Host">
      <summary>Este tipo/membro é compatível com a infraestrutura .NET Framework e não se destina a ser usado diretamente de seu código.</summary>
    </member>
    <member name="P:System.Web.WebPages.Razor.CompilingPathEventArgs.VirtualPath">
      <summary>Este tipo/membro é compatível com a infraestrutura .NET Framework e não se destina a ser usado diretamente de seu código.</summary>
    </member>
    <member name="T:System.Web.WebPages.Razor.PreApplicationStartCode">
      <summary>Este tipo/membro é compatível com a infraestrutura .NET Framework e não se destina a ser usado diretamente de seu código.</summary>
    </member>
    <member name="M:System.Web.WebPages.Razor.PreApplicationStartCode.Start">
      <summary>Este tipo/membro é compatível com a infraestrutura .NET Framework e não se destina a ser usado diretamente de seu código.</summary>
    </member>
    <member name="T:System.Web.WebPages.Razor.RazorBuildProvider">
      <summary>Este tipo/membro é compatível com a infraestrutura .NET Framework e não se destina a ser usado diretamente de seu código.</summary>
    </member>
    <member name="M:System.Web.WebPages.Razor.RazorBuildProvider.#ctor">
      <summary>Este tipo/membro é compatível com a infraestrutura .NET Framework e não se destina a ser usado diretamente de seu código.</summary>
    </member>
    <member name="M:System.Web.WebPages.Razor.RazorBuildProvider.AddVirtualPathDependency(System.String)">
      <summary>Este tipo/membro é compatível com a infraestrutura .NET Framework e não se destina a ser usado diretamente de seu código.</summary>
    </member>
    <member name="P:System.Web.WebPages.Razor.RazorBuildProvider.AssemblyBuilder">
      <summary>Este tipo/membro é compatível com a infraestrutura .NET Framework e não se destina a ser usado diretamente de seu código.</summary>
    </member>
    <member name="P:System.Web.WebPages.Razor.RazorBuildProvider.CodeCompilerType">
      <summary>Este tipo/membro é compatível com a infraestrutura .NET Framework e não se destina a ser usado diretamente de seu código.</summary>
    </member>
    <member name="E:System.Web.WebPages.Razor.RazorBuildProvider.CodeGenerationCompleted">
      <summary>Este tipo/membro é compatível com a infraestrutura .NET Framework e não se destina a ser usado diretamente de seu código.</summary>
    </member>
    <member name="E:System.Web.WebPages.Razor.RazorBuildProvider.CodeGenerationStarted">
      <summary>Este tipo/membro é compatível com a infraestrutura .NET Framework e não se destina a ser usado diretamente de seu código.</summary>
    </member>
    <member name="E:System.Web.WebPages.Razor.RazorBuildProvider.CompilingPath">
      <summary>Este tipo/membro é compatível com a infraestrutura .NET Framework e não se destina a ser usado diretamente de seu código.</summary>
    </member>
    <member name="M:System.Web.WebPages.Razor.RazorBuildProvider.CreateHost">
      <summary>Este tipo/membro é compatível com a infraestrutura .NET Framework e não se destina a ser usado diretamente de seu código.</summary>
    </member>
    <member name="M:System.Web.WebPages.Razor.RazorBuildProvider.GenerateCode(System.Web.Compilation.AssemblyBuilder)">
      <summary>Este tipo/membro é compatível com a infraestrutura .NET Framework e não se destina a ser usado diretamente de seu código.</summary>
    </member>
    <member name="M:System.Web.WebPages.Razor.RazorBuildProvider.GetGeneratedType(System.CodeDom.Compiler.CompilerResults)">
      <summary>Este tipo/membro é compatível com a infraestrutura .NET Framework e não se destina a ser usado diretamente de seu código.</summary>
    </member>
    <member name="M:System.Web.WebPages.Razor.RazorBuildProvider.GetHostFromConfig">
      <summary>Este tipo/membro é compatível com a infraestrutura .NET Framework e não se destina a ser usado diretamente de seu código.</summary>
    </member>
    <member name="M:System.Web.WebPages.Razor.RazorBuildProvider.InternalOpenReader">
      <summary>Este tipo/membro é compatível com a infraestrutura .NET Framework e não se destina a ser usado diretamente de seu código.</summary>
    </member>
    <member name="M:System.Web.WebPages.Razor.RazorBuildProvider.OnBeforeCompilePath(System.Web.WebPages.Razor.CompilingPathEventArgs)">
      <summary>Este tipo/membro é compatível com a infraestrutura .NET Framework e não se destina a ser usado diretamente de seu código.</summary>
    </member>
    <member name="P:System.Web.WebPages.Razor.RazorBuildProvider.VirtualPath">
      <summary>Este tipo/membro é compatível com a infraestrutura .NET Framework e não se destina a ser usado diretamente de seu código.</summary>
    </member>
    <member name="P:System.Web.WebPages.Razor.RazorBuildProvider.VirtualPathDependencies">
      <summary>Este tipo/membro é compatível com a infraestrutura .NET Framework e não se destina a ser usado diretamente de seu código.</summary>
    </member>
    <member name="T:System.Web.WebPages.Razor.WebCodeRazorHost">
      <summary>Este tipo/membro é compatível com a infraestrutura .NET Framework e não se destina a ser usado diretamente de seu código.</summary>
    </member>
    <member name="M:System.Web.WebPages.Razor.WebCodeRazorHost.#ctor(System.String)">
      <summary>Este tipo/membro é compatível com a infraestrutura .NET Framework e não se destina a ser usado diretamente de seu código.</summary>
    </member>
    <member name="M:System.Web.WebPages.Razor.WebCodeRazorHost.#ctor(System.String,System.String)">
      <summary>Este tipo/membro é compatível com a infraestrutura .NET Framework e não se destina a ser usado diretamente de seu código.</summary>
    </member>
    <member name="M:System.Web.WebPages.Razor.WebCodeRazorHost.GetClassName(System.String)">
      <summary>Este tipo/membro é compatível com a infraestrutura .NET Framework e não se destina a ser usado diretamente de seu código.</summary>
    </member>
    <member name="M:System.Web.WebPages.Razor.WebCodeRazorHost.PostProcessGeneratedCode(System.Web.Razor.Generator.CodeGeneratorContext)"></member>
    <member name="T:System.Web.WebPages.Razor.WebPageRazorHost">
      <summary>Este tipo/membro é compatível com a infraestrutura .NET Framework e não se destina a ser usado diretamente de seu código.</summary>
    </member>
    <member name="M:System.Web.WebPages.Razor.WebPageRazorHost.#ctor(System.String)">
      <summary>Este tipo/membro é compatível com a infraestrutura .NET Framework e não se destina a ser usado diretamente de seu código.</summary>
    </member>
    <member name="M:System.Web.WebPages.Razor.WebPageRazorHost.#ctor(System.String,System.String)">
      <summary>Este tipo/membro é compatível com a infraestrutura .NET Framework e não se destina a ser usado diretamente de seu código.</summary>
    </member>
    <member name="M:System.Web.WebPages.Razor.WebPageRazorHost.AddGlobalImport(System.String)">
      <summary>Este tipo/membro é compatível com a infraestrutura .NET Framework e não se destina a ser usado diretamente de seu código.</summary>
    </member>
    <member name="P:System.Web.WebPages.Razor.WebPageRazorHost.CodeLanguage">
      <summary>Este tipo/membro é compatível com a infraestrutura .NET Framework e não se destina a ser usado diretamente de seu código.</summary>
    </member>
    <member name="M:System.Web.WebPages.Razor.WebPageRazorHost.CreateMarkupParser">
      <summary>Este tipo/membro é compatível com a infraestrutura .NET Framework e não se destina a ser usado diretamente de seu código.</summary>
    </member>
    <member name="P:System.Web.WebPages.Razor.WebPageRazorHost.DefaultBaseClass">
      <summary>Este tipo/membro é compatível com a infraestrutura .NET Framework e não se destina a ser usado diretamente de seu código.</summary>
    </member>
    <member name="P:System.Web.WebPages.Razor.WebPageRazorHost.DefaultClassName">
      <summary>Este tipo/membro é compatível com a infraestrutura .NET Framework e não se destina a ser usado diretamente de seu código.</summary>
    </member>
    <member name="P:System.Web.WebPages.Razor.WebPageRazorHost.DefaultDebugCompilation">
      <summary>Este tipo/membro é compatível com a infraestrutura .NET Framework e não se destina a ser usado diretamente de seu código.</summary>
    </member>
    <member name="P:System.Web.WebPages.Razor.WebPageRazorHost.DefaultPageBaseClass">
      <summary>Este tipo/membro é compatível com a infraestrutura .NET Framework e não se destina a ser usado diretamente de seu código.</summary>
    </member>
    <member name="M:System.Web.WebPages.Razor.WebPageRazorHost.GetClassName(System.String)">
      <summary>Este tipo/membro é compatível com a infraestrutura .NET Framework e não se destina a ser usado diretamente de seu código.</summary>
    </member>
    <member name="M:System.Web.WebPages.Razor.WebPageRazorHost.GetCodeLanguage">
      <summary>Este tipo/membro é compatível com a infraestrutura .NET Framework e não se destina a ser usado diretamente de seu código.</summary>
    </member>
    <member name="M:System.Web.WebPages.Razor.WebPageRazorHost.GetGlobalImports">
      <summary>Este tipo/membro é compatível com a infraestrutura .NET Framework e não se destina a ser usado diretamente de seu código.</summary>
    </member>
    <member name="P:System.Web.WebPages.Razor.WebPageRazorHost.InstrumentedSourceFilePath">
      <summary>Este tipo/membro é compatível com a infraestrutura .NET Framework e não se destina a ser usado diretamente de seu código.</summary>
    </member>
    <member name="P:System.Web.WebPages.Razor.WebPageRazorHost.IsSpecialPage">
      <summary>Este tipo/membro é compatível com a infraestrutura .NET Framework e não se destina a ser usado diretamente de seu código.</summary>
    </member>
    <member name="P:System.Web.WebPages.Razor.WebPageRazorHost.PhysicalPath">
      <summary>Este tipo/membro é compatível com a infraestrutura .NET Framework e não se destina a ser usado diretamente de seu código.</summary>
    </member>
    <member name="M:System.Web.WebPages.Razor.WebPageRazorHost.PostProcessGeneratedCode(System.Web.Razor.Generator.CodeGeneratorContext)">
      <summary>Este tipo/membro é compatível com a infraestrutura .NET Framework e não se destina a ser usado diretamente de seu código.</summary>
    </member>
    <member name="M:System.Web.WebPages.Razor.WebPageRazorHost.RegisterSpecialFile(System.String,System.String)">
      <summary>Este tipo/membro é compatível com a infraestrutura .NET Framework e não se destina a ser usado diretamente de seu código.</summary>
    </member>
    <member name="M:System.Web.WebPages.Razor.WebPageRazorHost.RegisterSpecialFile(System.String,System.Type)">
      <summary>Este tipo/membro é compatível com a infraestrutura .NET Framework e não se destina a ser usado diretamente de seu código.</summary>
    </member>
    <member name="P:System.Web.WebPages.Razor.WebPageRazorHost.VirtualPath">
      <summary>Este tipo/membro é compatível com a infraestrutura .NET Framework e não se destina a ser usado diretamente de seu código.</summary>
    </member>
    <member name="T:System.Web.WebPages.Razor.WebRazorHostFactory">
      <summary>Este tipo/membro é compatível com a infraestrutura .NET Framework e não se destina a ser usado diretamente de seu código.</summary>
    </member>
    <member name="M:System.Web.WebPages.Razor.WebRazorHostFactory.#ctor">
      <summary>Este tipo/membro é compatível com a infraestrutura .NET Framework e não se destina a ser usado diretamente de seu código.</summary>
    </member>
    <member name="M:System.Web.WebPages.Razor.WebRazorHostFactory.ApplyConfigurationToHost(System.Web.WebPages.Razor.Configuration.RazorPagesSection,System.Web.WebPages.Razor.WebPageRazorHost)">
      <summary>Este tipo/membro é compatível com a infraestrutura .NET Framework e não se destina a ser usado diretamente de seu código.</summary>
    </member>
    <member name="M:System.Web.WebPages.Razor.WebRazorHostFactory.CreateDefaultHost(System.String)">
      <summary>Este tipo/membro é compatível com a infraestrutura .NET Framework e não se destina a ser usado diretamente de seu código.</summary>
    </member>
    <member name="M:System.Web.WebPages.Razor.WebRazorHostFactory.CreateDefaultHost(System.String,System.String)">
      <summary>Este tipo/membro é compatível com a infraestrutura .NET Framework e não se destina a ser usado diretamente de seu código.</summary>
    </member>
    <member name="M:System.Web.WebPages.Razor.WebRazorHostFactory.CreateHost(System.String,System.String)">
      <summary>Este tipo/membro é compatível com a infraestrutura .NET Framework e não se destina a ser usado diretamente de seu código.</summary>
    </member>
    <member name="M:System.Web.WebPages.Razor.WebRazorHostFactory.CreateHostFromConfig(System.String)">
      <summary>Este tipo/membro é compatível com a infraestrutura .NET Framework e não se destina a ser usado diretamente de seu código.</summary>
    </member>
    <member name="M:System.Web.WebPages.Razor.WebRazorHostFactory.CreateHostFromConfig(System.String,System.String)">
      <summary>Este tipo/membro é compatível com a infraestrutura .NET Framework e não se destina a ser usado diretamente de seu código.</summary>
    </member>
    <member name="M:System.Web.WebPages.Razor.WebRazorHostFactory.CreateHostFromConfig(System.Web.WebPages.Razor.Configuration.RazorWebSectionGroup,System.String)">
      <summary>Este tipo/membro é compatível com a infraestrutura .NET Framework e não se destina a ser usado diretamente de seu código.</summary>
    </member>
    <member name="M:System.Web.WebPages.Razor.WebRazorHostFactory.CreateHostFromConfig(System.Web.WebPages.Razor.Configuration.RazorWebSectionGroup,System.String,System.String)">
      <summary>Este tipo/membro é compatível com a infraestrutura .NET Framework e não se destina a ser usado diretamente de seu código.</summary>
    </member>
    <member name="T:System.Web.WebPages.Razor.Configuration.HostSection">
      <summary>Fornece suporte ao sistema de configuração para a seção de configuração do host.</summary>
    </member>
    <member name="M:System.Web.WebPages.Razor.Configuration.HostSection.#ctor">
      <summary>Inicializa uma nova instância da classe <see cref="T:System.Web.WebPages.Razor.Configuration.HostSection" />.</summary>
    </member>
    <member name="P:System.Web.WebPages.Razor.Configuration.HostSection.FactoryType">
      <summary>Obtém ou define a fábrica do host.</summary>
      <returns>A fábrica do host.</returns>
    </member>
    <member name="F:System.Web.WebPages.Razor.Configuration.HostSection.SectionName">
      <summary>Representa o nome da seção de configuração para o ambiente de host do Razor.</summary>
    </member>
    <member name="T:System.Web.WebPages.Razor.Configuration.RazorPagesSection">
      <summary>Fornece suporte ao sistema de configuração para a seção de configuração das páginas.</summary>
    </member>
    <member name="M:System.Web.WebPages.Razor.Configuration.RazorPagesSection.#ctor">
      <summary>Inicializa uma nova instância da classe <see cref="T:System.Web.WebPages.Razor.Configuration.RazorPagesSection" />.</summary>
    </member>
    <member name="P:System.Web.WebPages.Razor.Configuration.RazorPagesSection.Namespaces">
      <summary>Obtém ou define a coleção de namespaces a ser adicionada às páginas das Páginas da Web no aplicativo atual.</summary>
      <returns>A coleção de namespaces.</returns>
    </member>
    <member name="P:System.Web.WebPages.Razor.Configuration.RazorPagesSection.PageBaseType">
      <summary>Obtém ou define o nome da classe de tipo básico da página.</summary>
      <returns>O nome da classe de tipo básico da página.</returns>
    </member>
    <member name="F:System.Web.WebPages.Razor.Configuration.RazorPagesSection.SectionName">
      <summary>Representa o nome da seção de configuração para as páginas Razor.</summary>
    </member>
    <member name="T:System.Web.WebPages.Razor.Configuration.RazorWebSectionGroup">
      <summary>Fornece suporte ao sistema de configuração para a seção de configuração system.web.webPages.razor.</summary>
    </member>
    <member name="M:System.Web.WebPages.Razor.Configuration.RazorWebSectionGroup.#ctor">
      <summary>Inicializa uma nova instância da classe <see cref="T:System.Web.WebPages.Razor.Configuration.RazorWebSectionGroup" />.</summary>
    </member>
    <member name="F:System.Web.WebPages.Razor.Configuration.RazorWebSectionGroup.GroupName">
      <summary>Representa o nome da seção de configuração para a seção Web Razor. Contém a cadeia de caracteres estática e somente leitura "system.web.webPages.razor".</summary>
    </member>
    <member name="P:System.Web.WebPages.Razor.Configuration.RazorWebSectionGroup.Host">
      <summary>Obtém ou define o valor do host para o grupo da seção system.web.webPages.razor.</summary>
      <returns>O valor do host.</returns>
    </member>
    <member name="P:System.Web.WebPages.Razor.Configuration.RazorWebSectionGroup.Pages">
      <summary>Obtém ou define o valor do elemento de páginas para a seção system.web.webPages.razor.</summary>
      <returns>O valor do elemento de páginas.</returns>
    </member>
  </members>
</doc>